"","Lifetime_dim0","Lifetime_dim1","Lifetime_dim2"
"1",171.517411381006,7.29495081305504,400
